{"inputUnits":[34],"outputUnits":2,"inputs":{"0":{"dtype":"number","min":277.16081878276185,"max":305.69173340482007},"1":{"dtype":"number","min":22.100555731628646,"max":175.3739711264228},"2":{"dtype":"number","min":281.3566673071004,"max":312.56858357010185},"3":{"dtype":"number","min":12.804327998179872,"max":166.13204154522964},"4":{"dtype":"number","min":276.0579802052984,"max":303.6239195055535},"5":{"dtype":"number","min":15.68680723910201,"max":165.38546544383007},"6":{"dtype":"number","min":280.30996003503463,"max":328.25108387869153},"7":{"dtype":"number","min":17.685021233465875,"max":167.13763620695715},"8":{"dtype":"number","min":269.55024289528217,"max":305.8088764866038},"9":{"dtype":"number","min":18.710598659886458,"max":164.99600790446834},"10":{"dtype":"number","min":260.6033899032652,"max":344.4685123310015},"11":{"dtype":"number","min":53.79451407347207,"max":197.05549639393848},"12":{"dtype":"number","min":258.42114520536785,"max":327.83988198603174},"13":{"dtype":"number","min":55.55549124335501,"max":201.78408874333599},"14":{"dtype":"number","min":222.30839137808357,"max":375.87809240586097},"15":{"dtype":"number","min":36.867519779427965,"max":182.80175787187272},"16":{"dtype":"number","min":218.1833715179087,"max":359.51342945618387},"17":{"dtype":"number","min":29.58146743180687,"max":183.00123115272373},"18":{"dtype":"number","min":223.9716321299512,"max":374.4917354880604},"19":{"dtype":"number","min":3.1151769022069544,"max":162.83846385376927},"20":{"dtype":"number","min":216.31267503077882,"max":366.31712607001515},"21":{"dtype":"number","min":4.116578573382782,"max":166.2041304621715},"22":{"dtype":"number","min":269.4097265028304,"max":336.392879612251},"23":{"dtype":"number","min":177.5115024551807,"max":306.07607209543306},"24":{"dtype":"number","min":259.5584268087543,"max":308.1401687354893},"25":{"dtype":"number","min":180.56458643159976,"max":308.27908907233507},"26":{"dtype":"number","min":244.97126053093936,"max":361.9561813591983},"27":{"dtype":"number","min":276.2643816758686,"max":335.2748776743848},"28":{"dtype":"number","min":241.30590852596416,"max":324.1618621618367},"29":{"dtype":"number","min":278.8660992833891,"max":333.7152244775676},"30":{"dtype":"number","min":274.85427078871413,"max":338.0225364967079},"31":{"dtype":"number","min":366.738355703391,"max":384.62120128883925},"32":{"dtype":"number","min":262.5570531169728,"max":344.0885871815774},"33":{"dtype":"number","min":367.03525814843084,"max":381.8981299418883}},"outputs":{"0":{"dtype":"string","min":0,"max":1,"uniqueValues":["Up","Down"],"legend":{"Up":[1,0],"Down":[0,1]}}},"isNormalized":true}