{"inputUnits":[34],"outputUnits":2,"inputs":{"0":{"dtype":"number","min":595.9828662204371,"max":622.4416863185422},"1":{"dtype":"number","min":145.1577796193876,"max":365.5526093954242},"2":{"dtype":"number","min":605.6011055378598,"max":632.830516117556},"3":{"dtype":"number","min":130.48295872313503,"max":358.27891751300496},"4":{"dtype":"number","min":588.6646698235537,"max":612.7797305927202},"5":{"dtype":"number","min":142.11077120888558,"max":361.9833307525991},"6":{"dtype":"number","min":628.1746443811558,"max":656.5687919646385},"7":{"dtype":"number","min":132.70801523409,"max":359.5876778331712},"8":{"dtype":"number","min":565.6383177241462,"max":595.0181770176275},"9":{"dtype":"number","min":141.5148378067907,"max":361.7166217848484},"10":{"dtype":"number","min":648.021234712712,"max":666.1773591097226},"11":{"dtype":"number","min":183.84840476188214,"max":382.49181173005456},"12":{"dtype":"number","min":542.2110332681975,"max":578.3097954241682},"13":{"dtype":"number","min":190.40276351513103,"max":387.3329784972194},"14":{"dtype":"number","min":687.5515079720939,"max":727.5181424033317},"15":{"dtype":"number","min":171.38292690381002,"max":378.3764919177103},"16":{"dtype":"number","min":493.1213422545199,"max":540.3883753379495},"17":{"dtype":"number","min":180.09024801885107,"max":374.8909310366857},"18":{"dtype":"number","min":675.8199903733072,"max":731.5796442588479},"19":{"dtype":"number","min":141.99666631082616,"max":361.7880192025626},"20":{"dtype":"number","min":477.3291028686998,"max":558.8233911388115},"21":{"dtype":"number","min":164.862379719775,"max":365.3490149056401},"22":{"dtype":"number","min":632.267913298848,"max":659.1494311024707},"23":{"dtype":"number","min":342.63142144169785,"max":500.22373380549686},"24":{"dtype":"number","min":567.1431227593106,"max":591.9432722752196},"25":{"dtype":"number","min":343.54092333752817,"max":496.70562156350695},"26":{"dtype":"number","min":640.6325478757865,"max":702.6695583655212},"27":{"dtype":"number","min":459.3948542301756,"max":514.8735514763264},"28":{"dtype":"number","min":509.82804409910267,"max":571.1175432836035},"29":{"dtype":"number","min":460.50150151382627,"max":501.9568090772814},"30":{"dtype":"number","min":642.7035535522936,"max":691.855268470972},"31":{"dtype":"number","min":547.8419719948379,"max":587.3576946926488},"32":{"dtype":"number","min":544.6814509291593,"max":574.7425312532062},"33":{"dtype":"number","min":559.3679398562657,"max":586.7873969467697}},"outputs":{"0":{"dtype":"string","min":0,"max":1,"uniqueValues":["Up","Down"],"legend":{"Up":[1,0],"Down":[0,1]}}},"isNormalized":true}