{"inputUnits":[34],"outputUnits":2,"inputs":{"0":{"dtype":"number","min":511.1074467818561,"max":1035.6294689549545},"1":{"dtype":"number","min":76.10051817652777,"max":390.84547315404575},"2":{"dtype":"number","min":523.0773480040554,"max":1035.9453573857763},"3":{"dtype":"number","min":63.64079989719016,"max":377.79193754418816},"4":{"dtype":"number","min":500.05442617097253,"max":1044.791618673718},"5":{"dtype":"number","min":64.4203033892561,"max":368.657494741655},"6":{"dtype":"number","min":537.5461873609268,"max":1040.902558530815},"7":{"dtype":"number","min":71.38705179385175,"max":386.68676611236094},"8":{"dtype":"number","min":484.2342316742537,"max":1032.901545038483},"9":{"dtype":"number","min":71.95452162449459,"max":381.58763611270297},"10":{"dtype":"number","min":553.7500922355206,"max":1059.385929107666},"11":{"dtype":"number","min":107.53577529920216,"max":472.3903973334494},"12":{"dtype":"number","min":470.5712187058267,"max":1009.9662318248229},"13":{"dtype":"number","min":111.5822000577756,"max":474.32505236154395},"14":{"dtype":"number","min":585.6887869037079,"max":1079.3613475176146},"15":{"dtype":"number","min":135.40087755737602,"max":586.4849615505233},"16":{"dtype":"number","min":416.38732028471355,"max":997.171038810845},"17":{"dtype":"number","min":143.80425673607255,"max":577.846841235337},"18":{"dtype":"number","min":565.6898053833482,"max":1062.3827386700225},"19":{"dtype":"number","min":111.3104389910568,"max":646.0115177751978},"20":{"dtype":"number","min":439.24491232192935,"max":1013.3599940496659},"21":{"dtype":"number","min":168.6119388995931,"max":606.273368349335},"22":{"dtype":"number","min":550.5027386854595,"max":1046.0203063311744},"23":{"dtype":"number","min":182.78010335274706,"max":668.7527204784437},"24":{"dtype":"number","min":489.5624468020428,"max":1023.5261369697778},"25":{"dtype":"number","min":182.09610926177248,"max":671.2362806101253},"26":{"dtype":"number","min":577.6301562832487,"max":1063.146893660846},"27":{"dtype":"number","min":248.64936835107176,"max":832.0110743333394},"28":{"dtype":"number","min":440.0011079840159,"max":1022.7481983051225},"29":{"dtype":"number","min":243.49694168521273,"max":830.8982339035213},"30":{"dtype":"number","min":589.1961810041494,"max":1056.9387681122419},"31":{"dtype":"number","min":287.436603403277,"max":952.7408355711034},"32":{"dtype":"number","min":437.73220555049437,"max":1028.732452303519},"33":{"dtype":"number","min":288.9569527462762,"max":954.4804683130537}},"outputs":{"0":{"dtype":"string","min":0,"max":1,"uniqueValues":["Up","Down"],"legend":{"Up":[1,0],"Down":[0,1]}}},"isNormalized":true}