{"inputUnits":[34],"outputUnits":2,"inputs":{"0":{"dtype":"number","min":91.34289092126987,"max":581.3859382659081},"1":{"dtype":"number","min":-83.55162008263258,"max":230.18214450643217},"2":{"dtype":"number","min":99.28099964379336,"max":567.5192883562021},"3":{"dtype":"number","min":-74.19109487719109,"max":243.3758107270712},"4":{"dtype":"number","min":88.09771594927004,"max":576.7870387808358},"5":{"dtype":"number","min":-70.96572753520327,"max":241.67743985291122},"6":{"dtype":"number","min":113.63219472684749,"max":556.504507524958},"7":{"dtype":"number","min":-78.13026355491074,"max":224.509418502392},"8":{"dtype":"number","min":101.80578767835861,"max":564.8987399297929},"9":{"dtype":"number","min":-76.25281516494454,"max":226.08773122408974},"10":{"dtype":"number","min":110.75053790200081,"max":523.4211330413818},"11":{"dtype":"number","min":-71.23836870601669,"max":264.2612692391362},"12":{"dtype":"number","min":83.20583560216288,"max":562.5949312796388},"13":{"dtype":"number","min":-77.16028217211772,"max":259.0954331869281},"14":{"dtype":"number","min":113.63061646635894,"max":492.19380467040065},"15":{"dtype":"number","min":26.90740460644436,"max":312.70841913928314},"16":{"dtype":"number","min":72.0123838543428,"max":544.538367965342},"17":{"dtype":"number","min":-6.0182820924989,"max":403.26409042299025},"18":{"dtype":"number","min":79.24560211419131,"max":486.97313353987516},"19":{"dtype":"number","min":78.32083364405057,"max":364.508667942151},"20":{"dtype":"number","min":27.108434127926362,"max":527.6865110582878},"21":{"dtype":"number","min":58.143778017986605,"max":367.47920408137577},"22":{"dtype":"number","min":114.81364611614539,"max":515.5647195266843},"23":{"dtype":"number","min":104.95479770764302,"max":426.4396146336418},"24":{"dtype":"number","min":109.19793720468009,"max":542.9437375050111},"25":{"dtype":"number","min":87.64109374762509,"max":455.86466836001625},"26":{"dtype":"number","min":107.25919321260564,"max":470.96980211428627},"27":{"dtype":"number","min":173.43338181907563,"max":487.4816734447553},"28":{"dtype":"number","min":96.67931583419384,"max":552.1898431777954},"29":{"dtype":"number","min":139.1988122546719,"max":501.2705190042577},"30":{"dtype":"number","min":38.51490418549177,"max":448.3919420297971},"31":{"dtype":"number","min":199.63093074100954,"max":483.2160334939623},"32":{"dtype":"number","min":11.210223453981866,"max":560.1324506084279},"33":{"dtype":"number","min":191.7605143892162,"max":492.70179356675203}},"outputs":{"0":{"dtype":"string","min":0,"max":1,"uniqueValues":["Up","Down"],"legend":{"Up":[1,0],"Down":[0,1]}}},"isNormalized":true}